{
  "toggle_mod": true,
  "animation_speed": 500,
  "curve_points": [
    [
      0.4375,
      0.8359375
    ],
    [
      0.84375,
      1.09375
    ]
  ]
}